[{
    "codeId": "+93",
    "name": "Afghanistan",
    "code": "AF"
  },
  {
    "codeId": "+1268",
    "name": "Antigua and Barbuda",
    "code": "AG"
  },
  {
    "codeId": "+355",
    "name": "Albania",
    "code": "AL"
  },
  {
    "codeId": "+213",
    "name": "Algeria",
    "code": "DZ"
  },
  {
    "codeId": "+1684",
    "name": "American Samoa",
    "code": "AS"
  },
  {
    "codeId": "+376",
    "name": "AndorrA",
    "code": "AD"
  },
  {
    "codeId": "+244",
    "name": "Angola",
    "code": "AO"
  },
  {
    "codeId": "+1264",
    "name": "Anguilla",
    "code": "AI"
  },
  {
    "codeId": "+672",
    "name": "Antarctica",
    "code": "AQ"
  },
  {
    "codeId": "+54",
    "name": "Argentina",
    "code": "AR"
  },
  {
    "codeId": "+374",
    "name": "Armenia",
    "code": "AM"
  },
  {
    "codeId": "+297",
    "name": "Aruba",
    "code": "AW"
  },
  {
    "codeId": "+61",
    "name": "Australia",
    "code": "AU"
  },
  {
    "codeId": "+43",
    "name": "Austria",
    "code": "AT"
  },
  {
    "codeId": "+994",
    "name": "Azerbaijan",
    "code": "AZ"
  },
  {
    "codeId": "+880",
    "name": "Bangladesh",
    "code": "BD"
  },
  {
    "codeId": "+375",
    "name": "Belarus",
    "code": "BY"
  },
  {
    "codeId": "+32",
    "name": "Belgium",
    "code": "BE"
  },
  {
    "codeId": "+1242",
    "name": "Bahamas",
    "code": "BS"
  },
  {
    "codeId": "+1246",
    "name": "Barbados",
    "code": "BB"
  },
  {
    "codeId": "+501",
    "name": "Belize",
    "code": "BZ"
  },
  {
    "codeId": "+1441",
    "name": "Bermuda",
    "code": "BM"
  },
  {
    "codeId": "+229",
    "name": "Benin",
    "code": "BJ"
  },
  {
    "codeId": "+975",
    "name": "Bhutan",
    "code": "BT"
  },
  {
    "codeId": "+1284",
    "name": "British Virgin Islands",
    "code": "VG"
  },
  {
    "codeId": "+591",
    "name": "Bolivia",
    "code": "BO"
  },
  {
    "codeId": "+387",
    "name": "Bosnia and Herzegovina",
    "code": "BA"
  },
  {
    "codeId": "+267",
    "name": "Botswana",
    "code": "BW"
  },
  {
    "codeId": "+55",
    "name": "Brazil",
    "code": "BR"
  },
  {
    "codeId": "+246",
    "name": "British Indian Ocean Territory",
    "code": "IO"
  },
  {
    "codeId": "+673",
    "name": "Brunei Darussalam",
    "code": "BN"
  },
  {
    "codeId": "+359",
    "name": "Bulgaria",
    "code": "BG"
  },
  {
    "codeId": "+226",
    "name": "Burkina Faso",
    "code": "BF"
  },
  {
    "codeId": "+257",
    "name": "Burundi",
    "code": "BI"
  },
  {
    "codeId": "+973",
    "name": "Bahrain",
    "code": "BH"
  },
  {
    "codeId": "+385",
    "name": "Croatia",
    "code": "HR"
  },
  {
    "codeId": "+855",
    "name": "Cambodia",
    "code": "KH"
  },
  {
    "codeId": "+1345",
    "name": "Cayman Islands",
    "code": "KY"
  },
  {
    "codeId": "+237",
    "name": "Cameroon",
    "code": "CM"
  },
  {
    "codeId": "+1",
    "name": "Canada",
    "code": "CA"
  },
  {
    "codeId": "+238",
    "name": "Cape Verde",
    "code": "CV"
  },
  {
    "codeId": "+236",
    "name": "Central African Republic",
    "code": "CF"
  },
  {
    "codeId": "+235",
    "name": "Chad",
    "code": "TD"
  },
  {
    "codeId": "+56",
    "name": "Chile",
    "code": "CL"
  },
  {
    "codeId": "+86",
    "name": "China",
    "code": "CN"
  },
  {
    "codeId": "+891",
    "name": "Cocos (Keeling) Islands",
    "code": "CC"
  },
  {
    "codeId": "+57",
    "name": "Colombia",
    "code": "CO"
  },
  {
    "codeId": "+269",
    "name": "Comoros",
    "code": "KM"
  },
  {
    "codeId": "+243",
    "name": "Congo",
    "code": "CD"
  },
  {
    "codeId": "+682",
    "name": "Cook Islands",
    "code": "CK"
  },
  {
    "codeId": "+506",
    "name": "Costa Rica",
    "code": "CR"
  },
  {
    "codeId": "+53",
    "name": "Cuba",
    "code": "CU"
  },
  {
    "codeId": "+357",
    "name": "Cyprus",
    "code": "CY"
  },
  {
    "codeId": "+420",
    "name": "Czech Republic",
    "code": "CZ"
  },
  {
    "codeId": "+45",
    "name": "Denmark",
    "code": "DK"
  },
  {
    "codeId": "+253",
    "name": "Djibouti",
    "code": "DJ"
  },
  {
    "codeId": "+1767",
    "name": "Dominica",
    "code": "DM"
  },
  {
    "codeId": "+1809",
    "name": "Dominican Republic",
    "code": "DO"
  },
  {
    "codeId": "+593",
    "name": "Ecuador",
    "code": "EC"
  },
  {
    "codeId": "+20",
    "name": "Egypt",
    "code": "EG"
  },
  {
    "codeId": "+503",
    "name": "El Salvador",
    "code": "SV"
  },
  {
    "codeId": "+240",
    "name": "Equatorial Guinea",
    "code": "GQ"
  },
  {
    "codeId": "+291",
    "name": "Eritrea",
    "code": "ER"
  },
  {
    "codeId": "+372",
    "name": "Estonia",
    "code": "EE"
  },
  {
    "codeId": "+251",
    "name": "Ethiopia",
    "code": "ET"
  },
  {
    "codeId": "+298",
    "name": "Faroe Islands",
    "code": "FO"
  },
  {
    "codeId": "+358",
    "name": "Finland",
    "code": "FI"
  },
  {
    "codeId": "+679",
    "name": "Fiji",
    "code": "FJ"
  },
  {
    "codeId": "+33",
    "name": "France",
    "code": "FR"
  },
  {
    "codeId": "+594",
    "name": "French Guiana",
    "code": "GF"
  },
  {
    "codeId": "+689",
    "name": "French Polynesia",
    "code": "PF"
  },
  {
    "codeId": "+241",
    "name": "Gabon",
    "code": "GA"
  },
  {
    "codeId": "+995",
    "name": "Georgia",
    "code": "GE"
  },
  {
    "codeId": "+1473",
    "name": "Grenada",
    "code": "GD"
  },
  {
    "codeId": "+220",
    "name": "Gambia",
    "code": "GM"
  },
  {
    "codeId": "+49",
    "name": "Germany",
    "code": "DE"
  },
  {
    "codeId": "+233",
    "name": "Ghana",
    "code": "GH"
  },
  {
    "codeId": "+350",
    "name": "Gibraltar",
    "code": "GI"
  },
  {
    "codeId": "+30",
    "name": "Greece",
    "code": "GR"
  },
  {
    "codeId": "+299",
    "name": "Greenland",
    "code": "GL"
  },
  {
    "codeId": "+590",
    "name": "Guadeloupe",
    "code": "GP"
  },
  {
    "codeId": "+592",
    "name": "Guyana",
    "code": "GY"
  },
  {
    "codeId": "+1671",
    "name": "Guam",
    "code": "GU"
  },
  {
    "codeId": "+502",
    "name": "Guatemala",
    "code": "GT"
  },
  {
    "codeId": "+441481",
    "name": "Guernsey",
    "code": "GG"
  },
  {
    "codeId": "+224",
    "name": "Guinea",
    "code": "GN"
  },
  {
    "codeId": "+245",
    "name": "Guinea-Bissau",
    "code": "GW"
  },
  {
    "codeId": "+509",
    "name": "Haiti",
    "code": "HT"
  },
  {
    "codeId": "+504",
    "name": "Honduras",
    "code": "HN"
  },
  {
    "codeId": "+852",
    "name": "Hong Kong",
    "code": "HK"
  },
  {
    "codeId": "+36",
    "name": "Hungary",
    "code": "HU"
  },
  {
    "codeId": "+354",
    "name": "Iceland",
    "code": "IS"
  },
  {
    "codeId": "+225",
    "name": "Ivory Coast",
    "code": "CI"
  },
  {
    "codeId": "+91",
    "name": "India",
    "code": "IN"
  },
  {
    "codeId": "+441624",
    "name": "Isle Of Man",
    "code": "IM"
  },
  {
    "codeId": "+62",
    "name": "Indonesia",
    "code": "ID"
  },
  {
    "codeId": "+98",
    "name": "Iran",
    "code": "IR"
  },
  {
    "codeId": "+964",
    "name": "Iraq",
    "code": "IQ"
  },
  {
    "codeId": "+353",
    "name": "Ireland",
    "code": "IE"
  },
  {
    "codeId": "+972",
    "name": "Israel",
    "code": "IL"
  },
  {
    "codeId": "+39",
    "name": "Italy",
    "code": "IT"
  },
  {
    "codeId": "+1876",
    "name": "Jamaica",
    "code": "JM"
  },
  {
    "codeId": "+81",
    "name": "Japan",
    "code": "JP"
  },
  {
    "codeId": "+441534",
    "name": "Jersey",
    "code": "JE"
  },
  {
    "codeId": "+962",
    "name": "Jordan",
    "code": "JO"
  },
  {
    "codeId": "+254",
    "name": "Kenya",
    "code": "KE"
  },
  {
    "codeId": "+686",
    "name": "Kiribati",
    "code": "KI"
  },
  {
    "codeId": "+965",
    "name": "Kuwait",
    "code": "KW"
  },
  {
    "codeId": "+383",
    "name": "Kosovo",
    "code": "XK"
  },
  {
    "codeId": "+996",
    "name": "Kyrgyzstan",
    "code": "KG"
  },
  {
    "codeId": "+961",
    "name": "Lebanon",
    "code": "LB"
  },
  {
    "codeId": "+266",
    "name": "Lesotho",
    "code": "LS"
  },
  {
    "codeId": "+231",
    "name": "Liberia",
    "code": "LR"
  },
  {
    "codeId": "+856",
    "name": "Laos",
    "code": "LA"
  },
  {
    "codeId": "+371",
    "name": "Latvia",
    "code": "LV"
  },
  {
    "codeId": "+218",
    "name": "Libyan Arab Jamahiriya",
    "code": "LY"
  },
  {
    "codeId": "+423",
    "name": "Liechtenstein",
    "code": "LI"
  },
  {
    "codeId": "+370",
    "name": "Lithuania",
    "code": "LT"
  },
  {
    "codeId": "+352",
    "name": "Luxembourg",
    "code": "LU"
  },
  {
    "codeId": "+853",
    "name": "Macao",
    "code": "MO"
  },
  {
    "codeId": "+389",
    "name": "Macedonia",
    "code": "MK"
  },
  {
    "codeId": "+261",
    "name": "Madagascar",
    "code": "MG"
  },
  {
    "codeId": "+265",
    "name": "Malawi",
    "code": "MW"
  },
  {
    "codeId": "+60",
    "name": "Malaysia",
    "code": "MY"
  },
  {
    "codeId": "+960",
    "name": "Maldives",
    "code": "MV"
  },
  {
    "codeId": "+223",
    "name": "Mali",
    "code": "ML"
  },
  {
    "codeId": "+356",
    "name": "Malta",
    "code": "MT"
  },
  {
    "codeId": "+692",
    "name": "Marshall Islands",
    "code": "MH"
  },
  {
    "codeId": "+596",
    "name": "Martinique",
    "code": "MQ"
  },
  {
    "codeId": "+222",
    "name": "Mauritania",
    "code": "MR"
  },
  {
    "codeId": "+230",
    "name": "Mauritius",
    "code": "MU"
  },
  {
    "codeId": "+52",
    "name": "Mexico",
    "code": "MX"
  },
  {
    "codeId": "+691",
    "name": "Micronesia",
    "code": "FM"
  },
  {
    "codeId": "+373",
    "name": "Moldova",
    "code": "MD"
  },
  {
    "codeId": "+377",
    "name": "Monaco",
    "code": "MC"
  },
  {
    "codeId": "+976",
    "name": "Mongolia",
    "code": "MN"
  },
  {
    "codeId": "+212",
    "name": "Morocco",
    "code": "MA"
  },
  {
    "codeId": "+382",
    "name": "Montenegro",
    "code": "ME"
  },
  {
    "codeId": "+1664",
    "name": "Montserrat",
    "code": "MS"
  },
  {
    "codeId": "+258",
    "name": "Mozambique",
    "code": "MZ"
  },
  {
    "codeId": "+95",
    "name": "Myanmar",
    "code": "MM"
  },
  {
    "codeId": "+264",
    "name": "Namibia",
    "code": "NA"
  },
  {
    "codeId": "+674",
    "name": "Nauru",
    "code": "NR"
  },
  {
    "codeId": "+977",
    "name": "Nepal",
    "code": "NP"
  },
  {
    "codeId": "+31",
    "name": "Netherlands",
    "code": "NL"
  },
  {
    "codeId": "+599",
    "name": "Netherlands Antilles",
    "code": "AN"
  },
  {
    "codeId": "+1670",
    "name": "Northern Mariana Islands",
    "code": "MP"
  },
  {
    "codeId": "+687",
    "name": "New Caledonia",
    "code": "NC"
  },
  {
    "codeId": "+64",
    "name": "New Zealand",
    "code": "NZ"
  },
  {
    "codeId": "+505",
    "name": "Nicaragua",
    "code": "NI"
  },
  {
    "codeId": "+227",
    "name": "Niger",
    "code": "NE"
  },
  {
    "codeId": "+234",
    "name": "Nigeria",
    "code": "NG"
  },
  {
    "codeId": "+683",
    "name": "Niue",
    "code": "NU"
  },
  {
    "codeId": "+6723",
    "name": "Norfolk Island",
    "code": "NF"
  },
  {
    "codeId": "+850",
    "name": "North Korea",
    "code": "KP"
  },
  {
    "codeId": "+47",
    "name": "Norway",
    "code": "NO"
  },
  {
    "codeId": "+968",
    "name": "Oman",
    "code": "OM"
  },
  {
    "codeId": "+92",
    "name": "Pakistan",
    "code": "PK"
  },
  {
    "codeId": "+680",
    "name": "Palau",
    "code": "PW"
  },
  {
    "codeId": "+970",
    "name": "Palestinian Territory",
    "code": "PS"
  },
  {
    "codeId": "+507",
    "name": "Panama",
    "code": "PA"
  },
  {
    "codeId": "+675",
    "name": "Papua New Guinea",
    "code": "PG"
  },
  {
    "codeId": "+595",
    "name": "Paraguay",
    "code": "PY"
  },
  {
    "codeId": "+51",
    "name": "Peru",
    "code": "PE"
  },
  {
    "codeId": "+63",
    "name": "Philippines",
    "code": "PH"
  },
  {
    "codeId": "+48",
    "name": "Poland",
    "code": "PL"
  },
  {
    "codeId": "+351",
    "name": "Portugal",
    "code": "PT"
  },
  {
    "codeId": "+1787",
    "name": "Puerto Rico",
    "code": "PR"
  },
  {
    "codeId": "+974",
    "name": "Qatar",
    "code": "QA"
  },
  {
    "codeId": "+40",
    "name": "Romania",
    "code": "RO"
  },
  {
    "codeId": "+242",
    "name": "Republic of the Congo",
    "code": "CG"
  },
  {
    "codeId": "+262",
    "name": "Reunion",
    "code": "RE"
  },
  {
    "codeId": "+7",
    "name": "Russia",
    "code": "RU"
  },
  {
    "codeId": "+250",
    "name": "Rwanda",
    "code": "RW"
  },
  {
    "codeId": "+1869",
    "name": "Saint Kitts and Nevis",
    "code": "KN"
  },
  {
    "codeId": "+290",
    "name": "Saint Helena",
    "code": "SH"
  },
  {
    "codeId": "+1758",
    "name": "Saint Lucia",
    "code": "LC"
  },
  {
    "codeId": "+508",
    "name": "Saint Pierre and Miquelon",
    "code": "PM"
  },
  {
    "codeId": "+1784",
    "name": "Saint Vincent and The Grenadines",
    "code": "VC"
  },
  {
    "codeId": "+685",
    "name": "Samoa",
    "code": "WS"
  },
  {
    "codeId": "+378",
    "name": "San Marino",
    "code": "SM"
  },
  {
    "codeId": "+239",
    "name": "Sao Tome and Principe",
    "code": "ST"
  },
  {
    "codeId": "+966",
    "name": "Saudi Arabia",
    "code": "SA"
  },
  {
    "codeId": "+221",
    "name": "Senegal",
    "code": "SN"
  },
  {
    "codeId": "+381",
    "name": "Serbia",
    "code": "RS"
  },
  {
    "codeId": "+248",
    "name": "Seychelles",
    "code": "SC"
  },
  {
    "codeId": "+232",
    "name": "Sierra Leone",
    "code": "SL"
  },
  {
    "codeId": "+65",
    "name": "Singapore",
    "code": "SG"
  },
  {
    "codeId": "+1721",
    "name": "Sint Maarten",
    "code": "Sx"
  },
  {
    "codeId": "+421",
    "name": "Slovakia",
    "code": "SK"
  },
  {
    "codeId": "+386",
    "name": "Slovenia",
    "code": "SI"
  },
  {
    "codeId": "+677",
    "name": "Solomon Islands",
    "code": "SB"
  },
  {
    "codeId": "+252",
    "name": "Somalia",
    "code": "SO"
  },
  {
    "codeId": "+27",
    "name": "South Africa",
    "code": "ZA"
  },
  {
    "codeId": "+82",
    "name": "South Korea",
    "code": "KR"
  },
  {
    "codeId": "+500",
    "name": "South Georgia and the South Sandwich Islands",
    "code": "GS"
  },
  {
    "codeId": "+211",
    "name": "South Sudan",
    "code": "SS"
  },
  {
    "codeId": "+34",
    "name": "Spain",
    "code": "ES"
  },
  {
    "codeId": "+94",
    "name": "Sri Lanka",
    "code": "LK"
  },
  {
    "codeId": "+249",
    "name": "Sudan",
    "code": "SD"
  },
  {
    "codeId": "+597",
    "name": "Suriname",
    "code": "SR"
  },
  {
    "codeId": "+268",
    "name": "Swaziland",
    "code": "SZ"
  },
  {
    "codeId": "+46",
    "name": "Sweden",
    "code": "SE"
  },
  {
    "codeId": "+41",
    "name": "Switzerland",
    "code": "CH"
  },
  {
    "codeId": "+963",
    "name": "Syrian",
    "code": "SY"
  },
  {
    "codeId": "+886",
    "name": "Taiwan",
    "code": "TW"
  },
  {
    "codeId": "+255",
    "name": "Tanzania",
    "code": "TZ"
  },
  {
    "codeId": "+66",
    "name": "Thailand",
    "code": "TH"
  },
  {
    "codeId": "+993",
    "name": "Turkmenistan",
    "code": "TM"
  },
  {
    "codeId": "+1649",
    "name": "Turks and Caicos Islands",
    "code": "TC"
  },
  {
    "codeId": "+670",
    "name": "Timor-Leste",
    "code": "TL"
  },
  {
    "codeId": "+228",
    "name": "Togo",
    "code": "TG"
  },
  {
    "codeId": "+690",
    "name": "Tokelau",
    "code": "TK"
  },
  {
    "codeId": "+992",
    "name": "Tajikistan",
    "code": "TJ"
  },
  {
    "codeId": "+676",
    "name": "Tonga",
    "code": "TO"
  },
  {
    "codeId": "+1868",
    "name": "Trinidad and Tobago",
    "code": "TT"
  },
  {
    "codeId": "+216",
    "name": "Tunisia",
    "code": "TN"
  },
  {
    "codeId": "+90",
    "name": "Turkey",
    "code": "TR"
  },
  {
    "codeId": "+688",
    "name": "Tuvalu",
    "code": "TV"
  },
  {
    "codeId": "+256",
    "name": "Uganda",
    "code": "UG"
  },
  {
    "codeId": "+380",
    "name": "Ukraine",
    "code": "UA"
  },
  {
    "codeId": "+971",
    "name": "United Arab Emirates",
    "code": "AE"
  },
  {
    "codeId": "+44",
    "name": "United Kingdom",
    "code": "GB"
  },
  {
    "codeId": "+1",
    "name": "United States",
    "code": "US"
  },
  {
    "codeId": "+1340",
    "name": "U.S. Virgin Islands",
    "code": "VI"
  },
  {
    "codeId": "+598",
    "name": "Uruguay",
    "code": "UY"
  },
  {
    "codeId": "+998",
    "name": "Uzbekistan",
    "code": "UZ"
  },
  {
    "codeId": "+678",
    "name": "Vanuatu",
    "code": "VU"
  },
  {
    "codeId": "+58",
    "name": "Venezuela",
    "code": "VE"
  },
  {
    "codeId": "+84",
    "name": "Vietnam",
    "code": "VN"
  },
  {
    "codeId": "+379",
    "name": "Vatican",
    "code": "VA"
  },
  {
    "codeId": "+681",
    "name": "Wallis and Futuna",
    "code": "WF"
  },
  {
    "codeId": "+212",
    "name": "Western Sahara",
    "code": "EH"
  },
  {
    "codeId": "+967",
    "name": "Yemen",
    "code": "YE"
  },
  {
    "codeId": "+260",
    "name": "Zambia",
    "code": "ZM"
  },
  {
    "codeId": "+263",
    "name": "Zimbabwe",
    "code": "ZW"
  }
]
