[{
    "code": "+93",
    "codeName": "af",
    "coordinates": "33.9391, 67.7100"
  },
  {
    "code": "+355",
    "codeName": "al",
    "coordinates": "41.1533,  20.1683"
  },
  {
    "code": "+231",
    "codeName": "lr",
    "coordinates": "6.4281,  9.4295"
  },
  {
    "code": "+213",
    "codeName": "dz",
    "coordinates": "28.0339,  1.6596"
  },
  {
    "code": "+1684",
    "codeName": "as",
    "coordinates": "14.2710,  170.1322"
  },
  {
    "code": "+376",
    "codeName": "ad",
    "coordinates": "42.5063,  1.5218"
  },
  {
    "code": "+244",
    "codeName": "ao",
    "coordinates": "11.2027,  17.8739"
  },
  {
    "code": "+1264",
    "codeName": "ai",
    "coordinates": "18.2206,  63.0686"
  },
  {
    "code": "+1268",
    "codeName": "ag",
    "coordinates": "17.0608,  61.7964"
  },
  {
    "code": "+672",
    "codeName": "aq",
    "coordinates": "82.8628,  135.0000"
  },
  {
    "code": "+54",
    "codeName": "ar",
    "coordinates": "38.4161,  63.6167"
  },
  {
    "code": "+91",
    "codeName": "in",
    "coordinates": "12.971599, 77.594566"
  },
  {
    "code": "+62",
    "codeName": "id",
    "coordinates": "0.7893, 113.9213"
  },
  {
    "code": "+680",
    "codeName": "pw",
    "coordinates": "7.5150, 134.5825"
  },
  {
    "code": "+970",
    "codeName": "ps",
    "coordinates": "31.9522, 35.2332"
  },
  {
    "code": "+92",
    "codeName": "pk",
    "coordinates": "30.3753, 69.3451"
  },
  {
    "code": "+964",
    "codeName": "iq",
    "coordinates": "33.2232, 43.6793"
  },
  {
    "code": "+1670",
    "codeName": "mp",
    "coordinates": "15.0979, 145.6739"
  },
  {
    "code": "+353",
    "codeName": "ie",
    "coordinates": "53.1424, 7.6921"
  },
  {
    "code": "+1664",
    "codeName": "ms",
    "coordinates": "16.7425, 62.1874"
  },
  {
    "code": "+441624",
    "codeName": "im",
    "coordinates": "54.2361, 4.5481"
  },
  {
    "code": "+39",
    "codeName": "it",
    "coordinates": "41.8719, 12.5674"
  },
  {
    "code": "+1",
    "codeName": "us",
    "coordinates": "38.900497, -77.007507"
  },
  {
    "code": "+1",
    "codeName": "ca",
    "coordinates": "56.1304, 106.3468"
  },
  {
    "code": "+60",
    "codeName": "my",
    "coordinates": "3.152815, 101.703651"
  },
  {
    "code": "+960",
    "codeName": "mv",
    "coordinates": "3.2028, 73.2207"
  },
  {
    "code": "+223",
    "codeName": "ml",
    "coordinates": "17.5707, 3.9962"
  },
  {
    "code": "+356",
    "codeName": "mt",
    "coordinates": "35.9375, 14.3754"
  },
  {
    "code": "+374",
    "codeName": "am",
    "coordinates": "40.0691, 45.0382"
  },
  {
    "code": "+692",
    "codeName": "mh",
    "coordinates": "7.1315, 171.1845"
  },
  {
    "code": "+66",
    "codeName": "th",
    "coordinates": "15.8700, 100.9925"
  },
  {
    "code": "+222",
    "codeName": "mr",
    "coordinates": "21.0079, 10.9408"
  },
  {
    "code": "+230",
    "codeName": "mu",
    "coordinates": "20.3484, 57.5522"
  },
  {
    "code": "+966",
    "codeName": "sa",
    "coordinates": "24.774265, 46.738586"
  },
  {
    "code": "+855",
    "codeName": "kh",
    "coordinates": "11.556374, 104.928207"
  },
  {
    "code": "+237",
    "codeName": "cm",
    "coordinates": "3.848032, 11.502075"
  },
  {
    "code": "+238",
    "codeName": "cv",
    "coordinates": "-11.724150, 19.862240"
  },
  {
    "code": "+1284",
    "codeName": "vg",
    "coordinates": "18.4207, 64.6400"
  },
  {
    "code": "+1345",
    "codeName": "ky",
    "coordinates": "5.411920, 100.314598"
  },
  {
    "code": "+298",
    "codeName": "fo",
    "coordinates": "61.8926, 6.9118"
  },
  {
    "code": "+679",
    "codeName": "fj",
    "coordinates": "17.7134, 178.0650"
  },
  {
    "code": "+358",
    "codeName": "fi",
    "coordinates": "61.9241, 25.7482"
  },
  {
    "code": "+236",
    "codeName": "cf",
    "coordinates": "4.394673, 18.558189"
  },
  {
    "code": "+235",
    "codeName": "td",
    "coordinates": "12.134846, 15.055741"
  },
  {
    "code": "+218",
    "codeName": "ly",
    "coordinates": "26.3351, 17.2283"
  },
  {
    "code": "+423",
    "codeName": "li",
    "coordinates": "47.1660, 9.5554"
  },
  {
    "code": "+370",
    "codeName": "lt",
    "coordinates": "55.1694, 23.8813"
  },
  {
    "code": "+352",
    "codeName": "lu",
    "coordinates": "49.8153, 6.1296"
  },
  {
    "code": "+853",
    "codeName": "mo",
    "coordinates": "22.1987, 113.5439"
  },
  {
    "code": "+56",
    "codeName": "cl",
    "coordinates": "-33.448891, -70.669266"
  },
  {
    "code": "+389",
    "codeName": "mk",
    "coordinates": "41.6086, 21.7453"
  },
  {
    "code": "+261",
    "codeName": "mg",
    "coordinates": "18.7669, 46.8691"
  },
  {
    "code": "+265",
    "codeName": "mw",
    "coordinates": "13.2543, 34.3015"
  },
  {
    "code": "+86",
    "codeName": "cn",
    "coordinates": "39.904202, 116.407394"
  },
  {
    "code": "+61",
    "codeName": "au",
    "coordinates": "-25.274399, 133.775131"
  },
  {
    "code": "+43",
    "codeName": "at",
    "coordinates": "47.5162, 14.5501"
  },
  {
    "code": "+1242",
    "codeName": "bs",
    "coordinates": "25.0343, 77.3963"
  },
  {
    "code": "+994",
    "codeName": "az",
    "coordinates": "40.1431, 47.5769"
  },
  {
    "code": "+1246",
    "codeName": "bb",
    "coordinates": "13.1939, 59.5432"
  },
  {
    "code": "+246",
    "codeName": "io",
    "coordinates": "6.3432, 71.8765"
  },
  {
    "code": "+973",
    "codeName": "bh",
    "coordinates": "26.0667, 50.5577"
  },
  {
    "code": "+375",
    "codeName": "by",
    "coordinates": "53.7098, 27.9534"
  },
  {
    "code": "+880",
    "codeName": "bd",
    "coordinates": "23.6850, 90.3563"
  },
  {
    "code": "+57",
    "codeName": "co",
    "coordinates": "4.710989, -74.072090"
  },
  {
    "code": "+269",
    "codeName": "km",
    "coordinates": "39.524960, -111.581932"
  },
  {
    "code": "+243",
    "codeName": "cd",
    "coordinates": "-4.441931  , 15.266293"
  },
  {
    "code": "+242",
    "codeName": "cg",
    "coordinates": "-4.263360, 15.242885"
  },
  {
    "code": "+682",
    "codeName": "ck",
    "coordinates": "-21.203930, -159.765808"
  },
  {
    "code": "+506",
    "codeName": "cr",
    "coordinates": "37.338207, -121.886330"
  },
  {
    "code": "+225",
    "codeName": "ci",
    "coordinates": "-26.089149, 28.440760"
  },
  {
    "code": "+385",
    "codeName": "hr",
    "coordinates": "45.815010, 15.981919"
  },
  {
    "code": "+53",
    "codeName": "cu",
    "coordinates": "37.091736, -95.941925"
  },
  {
    "code": "+357",
    "codeName": "cy",
    "coordinates": "35.185566, 33.382275"
  },
  {
    "code": "+420",
    "codeName": "cz",
    "coordinates": "50.0755, 14.4378"
  },
  {
    "code": "+45",
    "codeName": "dk",
    "coordinates": "55.6761, 12.5683"
  },
  {
    "code": "+1876",
    "codeName": "jm",
    "coordinates": "18.1096, 77.2975"
  },
  {
    "code": "+253",
    "codeName": "dj",
    "coordinates": "11.8251, 42.5903"
  },
  {
    "code": "+1767",
    "codeName": "dm",
    "coordinates": "15.4150, 61.3710"
  },
  {
    "code": "+1809",
    "codeName": "do",
    "coordinates": "18.7357, 70.1627"
  },
  {
    "code": "+56",
    "codeName": "cl",
    "coordinates": "48.8566, -70.669266"
  },
  {
    "code": "+670",
    "codeName": "tl",
    "coordinates": "8.8742, 125.7275"
  },
  {
    "code": "+20",
    "codeName": "eg",
    "coordinates": "26.8206, 30.8025"
  },
  {
    "code": "+593",
    "codeName": "ec",
    "coordinates": "1.8312, 78.1834"
  },
  {
    "code": "+503",
    "codeName": "sv",
    "coordinates": "13.7942, 88.8965"
  },
  {
    "code": "+33",
    "codeName": "fr",
    "coordinates": "-33.448891, 2.3522"
  },
  {
    "code": "+233",
    "codeName": "gh",
    "coordinates": "5.6037, 0.1870"
  },
  {
    "code": "+350",
    "codeName": "gi",
    "coordinates": "36.1408, 5.3536"
  },
  {
    "code": "+30",
    "codeName": "gr",
    "coordinates": "39.0742, 21.8243"
  },
  {
    "code": "+240",
    "codeName": "gq",
    "coordinates": "1.6508, 10.2679"
  },
  {
    "code": "+1473",
    "codeName": "gd",
    "coordinates": "12.1165, 61.6790"
  },
  {
    "code": "+1671",
    "codeName": "gu",
    "coordinates": "13.4443, 144.7937"
  },
  {
    "code": "+502",
    "codeName": "gt",
    "coordinates": "15.7835, 90.2308"
  },
  {
    "code": "+441481",
    "codeName": "gg",
    "coordinates": "49.4482, 2.5895"
  },
  {
    "code": "+224",
    "codeName": "gn",
    "coordinates": "9.9456, 9.6966"
  },
  {
    "code": "+245",
    "codeName": "gw",
    "coordinates": "11.8037, 15.1804"
  },
  {
    "code": "+592",
    "codeName": "gy",
    "coordinates": "4.8604, 58.9302"
  },
  {
    "code": "+299",
    "codeName": "gl",
    "coordinates": "71.7069, 42.6043"
  },
  {
    "code": "+291",
    "codeName": "er",
    "coordinates": "15.1794, 39.7823"
  },
  {
    "code": "+372",
    "codeName": "ee",
    "coordinates": "58.5953, 25.0136"
  },
  {
    "code": "+251",
    "codeName": "et",
    "coordinates": "9.1450, 40.4897"
  },
  {
    "code": "+509",
    "codeName": "hn",
    "coordinates": "15.2000, 86.2419"
  },
  {
    "code": "+852",
    "codeName": "hk",
    "coordinates": "22.3193, 114.1694"
  },
  {
    "code": "+504",
    "codeName": "ht",
    "coordinates": "18.9712, 72.2852"
  },
  {
    "code": "+354",
    "codeName": "is",
    "coordinates": "64.9631, 19.0208"
  },
  {
    "code": "+36",
    "codeName": "hu",
    "coordinates": "47.4979, 19.0402"
  },
  {
    "code": "+98",
    "codeName": "ir",
    "coordinates": "35.6892, 51.3890"
  },
  {
    "code": "+972",
    "codeName": "il",
    "coordinates": "31.7683, 35.2137"
  },
  {
    "code": "+965",
    "codeName": "kw",
    "coordinates": "29.3759, 47.9774"
  },
  {
    "code": "+996",
    "codeName": "kg",
    "coordinates": "41.2044, 74.7661"
  },
  {
    "code": "+976",
    "codeName": "mn",
    "coordinates": "46.8625, 103.8467"
  },
  {
    "code": "+382",
    "codeName": "me",
    "coordinates": "42.7087, 19.3744"
  },
  {
    "code": "+377",
    "codeName": "mc",
    "coordinates": "43.7401, 7.4266"
  },
  {
    "code": "+856",
    "codeName": "la",
    "coordinates": "19.8563, 102.4955"
  },
  {
    "code": "+599",
    "codeName": "an",
    "coordinates": "12.226079, -69.0600891"
  },
  {
    "code": "+687",
    "codeName": "nc",
    "coordinates": "20.9043, 165.6180"
  },
  {
    "code": "+31",
    "codeName": "nl",
    "coordinates": "52.3680, 4.9036"
  },
  {
    "code": "+64",
    "codeName": "nz",
    "coordinates": "40.9006, 174.8860"
  },
  {
    "code": "+371",
    "codeName": "lv",
    "coordinates": "56.8796, 24.6032"
  },
  {
    "code": "+505",
    "codeName": "ni",
    "coordinates": "12.8654, 85.2072"
  },
  {
    "code": "+227",
    "codeName": "ne",
    "coordinates": "17.6078, 8.0817"
  },
  {
    "code": "+47",
    "codeName": "no",
    "coordinates": "59.9139, 10.7522"
  },
  {
    "code": "+689",
    "codeName": "pf",
    "coordinates": "17.6797, 149.4068"
  },
  {
    "code": "+595",
    "codeName": "py",
    "coordinates": "25.2637, 57.5759"
  },
  {
    "code": "+961",
    "codeName": "lb",
    "coordinates": "33.8547, 35.8623"
  },
  {
    "code": "+48",
    "codeName": "pl",
    "coordinates": "52.2297, 21.0122"
  },
  {
    "code": "+266",
    "codeName": "ls",
    "coordinates": "29.6100, 28.2336"
  },
  {
    "code": "+297",
    "codeName": "aw",
    "coordinates": "12.5211, 69.9683"
  },
  {
    "code": "+40",
    "codeName": "ro",
    "coordinates": "44.4268, 26.1025"
  },
  {
    "code": "+7",
    "codeName": "ru",
    "coordinates": "55.7558, 55.7558"
  },
  {
    "code": "+421",
    "codeName": "sk",
    "coordinates": "48.1486, 17.1077"
  },
  {
    "code": "+82",
    "codeName": "kr",
    "coordinates": "37.5665, 126.9780"
  },
  {
    "code": "+90",
    "codeName": "tr",
    "coordinates": "39.9334, 32.8597"
  },
  {
    "code": "+380",
    "codeName": "ua",
    "coordinates": "50.4501, 30.5234"
  },
  {
    "code": "+241",
    "codeName": "ga",
    "coordinates": "0.8037, 11.6094"
  },
  {
    "code": "+220",
    "codeName": "gm",
    "coordinates": "13.4432, 15.3101"
  },
  {
    "code": "+995",
    "codeName": "ge",
    "coordinates": "32.1656, 82.9001"
  },
  {
    "code": "+44",
    "codeName": "gb",
    "coordinates": "51.5074, 0.1278"
  },
  {
    "code": "+32",
    "codeName": "be",
    "coordinates": "50.5039, 4.4699"
  },
  {
    "code": "+49",
    "codeName": "de",
    "coordinates": "52.5200, 13.4050"
  },
  {
    "code": "+263",
    "codeName": "zw",
    "coordinates": "17.8252, 31.0335"
  },
  {
    "code": "+81",
    "codeName": "jp",
    "coordinates": "35.6895, 139.6917"
  },
  {
    "code": "+962",
    "codeName": "jo",
    "coordinates": "31.9454, 35.9284"
  },
  {
    "code": "+441534",
    "codeName": "je",
    "coordinates": "49.2144, 2.1312"
  },
  {
    "code": "+686",
    "codeName": "ki",
    "coordinates": "3.3704, 168.7340"
  },
  {
    "code": "+254",
    "codeName": "ke",
    "coordinates": "1.2921, 36.8219"
  },
  {
    "code": "+52",
    "codeName": "mx",
    "coordinates": "19.432608, -99.133209"
  },
  {
    "code": "+383",
    "codeName": "xk",
    "coordinates": "42.6026, 20.9030"
  },
  {
    "code": "+258",
    "codeName": "mz",
    "coordinates": "18.6657, 35.5296"
  },
  {
    "code": "+95",
    "codeName": "mm",
    "coordinates": "21.9162, 95.9560"
  },
  {
    "code": "+212",
    "codeName": "ma",
    "coordinates": "31.7917, 7.0926"
  },
  {
    "code": "+674",
    "codeName": "nr",
    "coordinates": "0.5228, 166.9315"
  },
  {
    "code": "+264",
    "codeName": "na",
    "coordinates": "22.5609, 17.0658"
  },
  {
    "code": "+683",
    "codeName": "nu",
    "coordinates": "19.0544, 169.8672"
  },
  {
    "code": "+234",
    "codeName": "ng",
    "coordinates": "9.0765, 7.3986"
  },
  {
    "code": "+850",
    "codeName": "kp",
    "coordinates": "39.0392, 125.7625"
  },
  {
    "code": "+968",
    "codeName": "om",
    "coordinates": "23.5859, 58.4059"
  },
  {
    "code": "+675",
    "codeName": "pg",
    "coordinates": "6.3150, 143.9555"
  },
  {
    "code": "+507",
    "codeName": "pa",
    "coordinates": "8.9824, 79.5199"
  },
  {
    "code": "+51",
    "codeName": "pe",
    "coordinates": "12.0464, 77.0428"
  },
  {
    "code": "+63",
    "codeName": "ph",
    "coordinates": "12.8797, 121.7740"
  },
  {
    "code": "+1787",
    "codeName": "pr",
    "coordinates": "18.2208, 66.5901"
  },
  {
    "code": "+351",
    "codeName": "pt",
    "coordinates": "38.7223, 9.1393"
  },
  {
    "code": "+974",
    "codeName": "qa",
    "coordinates": "25.2854, 51.5310"
  },
  {
    "code": "+381",
    "codeName": "rs",
    "coordinates": "44.7866, 20.4489"
  },
  {
    "code": "+65",
    "codeName": "sg",
    "coordinates": "1.3644, 103.7753"
  },
  {
    "code": "+386",
    "codeName": "si",
    "coordinates": "46.0569, 14.5058"
  },
  {
    "code": "+27",
    "codeName": "za",
    "coordinates": "25.7479, 28.2293"
  },
  {
    "code": "+34",
    "codeName": "es",
    "coordinates": "40.416775, -3.703790"
  },
  {
    "code": "+46",
    "codeName": "se",
    "coordinates": "59.3293, 18.0686"
  },
  {
    "code": "+41",
    "codeName": "ch",
    "coordinates": "46.9480, 7.4474"
  },
  {
    "code": "+256",
    "codeName": "ug",
    "coordinates": "0.3476, 32.5825"
  },
  {
    "code": "+971",
    "codeName": "ae",
    "coordinates": "24.4539, 54.3773"
  },
  {
    "code": "+598",
    "codeName": "uy",
    "coordinates": "34.9011, 56.1645"
  },
  {
    "code": "+967",
    "codeName": "ye",
    "coordinates": "15.3694, 44.1910"
  },
  {
    "code": "+977",
    "codeName": "np",
    "coordinates": "27.7172, 85.3240"
  },
  {
    "code": "+975",
    "codeName": "bt",
    "coordinates": "15.3694, 44.1910"
  },
  {
    "code": "+591",
    "codeName": "bo",
    "coordinates": "16.2902, 63.5887"
  },
  {
    "code": "+387",
    "codeName": "ba",
    "coordinates": "43.9159, 17.6791"
  },
  {
    "code": "+229",
    "codeName": "bj",
    "coordinates": "9.3077, 2.3158"
  },
  {
    "code": "+267",
    "codeName": "bw",
    "coordinates": "22.3285, 24.6849"
  },
  {
    "code": "+55",
    "codeName": "br",
    "coordinates": "14.2350, 51.9253"
  },
  {
    "code": "+1441",
    "codeName": "bm",
    "coordinates": "32.3078, 64.7505"
  },
  {
    "code": "+501",
    "codeName": "bz",
    "coordinates": "17.1899, 88.4976"
  },
  {
    "code": "+359",
    "codeName": "bg",
    "coordinates": "42.7339, 25.4858"
  },
  {
    "code": "+691",
    "codeName": "fm",
    "coordinates": "7.4256, 150.5508"
  },
  {
    "code": "+373",
    "codeName": "md",
    "coordinates": "47.4116, 28.3699"
  },
  {
    "code": "+226",
    "codeName": "bf",
    "coordinates": "12.2383, 1.5616"
  },
  {
    "code": "+257",
    "codeName": "bi",
    "coordinates": "3.3731, 29.9189"
  },
  {
    "code": "+673",
    "codeName": "bn",
    "coordinates": "4.5353, 114.7277"
  },
  {
    "code": "+681",
    "codeName": "wf",
    "coordinates": "14.2938, 178.1165"
  },
  {
    "code": "+260",
    "codeName": "zm",
    "coordinates": "13.1339, 27.8493"
  },
  {
    "code": "+84",
    "codeName": "vn",
    "coordinates": "14.0583, 108.2772"
  },
  {
    "code": "+58",
    "codeName": "ve",
    "coordinates": "6.4238, 66.5897"
  },
  {
    "code": "+379",
    "codeName": "va",
    "coordinates": "41.9029, 12.4534"
  },
  {
    "code": "+998",
    "codeName": "uz",
    "coordinates": "41.3775, 64.5853"
  },
  {
    "code": "+678",
    "codeName": "vu",
    "coordinates": "15.3767, 166.9592"
  },
  {
    "code": "+1340",
    "codeName": "vi",
    "coordinates": "18.3358, 64.8963"
  },
  {
    "code": "+688",
    "codeName": "tv",
    "coordinates": "7.1095, 177.6493"
  },
  {
    "code": "+1649",
    "codeName": "tc",
    "coordinates": "21.6940, 71.7979"
  },
  {
    "code": "+993",
    "codeName": "tm",
    "coordinates": "38.9697, 59.5563"
  },
  {
    "code": "+216",
    "codeName": "tn",
    "coordinates": "33.8869, 9.5375"
  },
  {
    "code": "+1868",
    "codeName": "tt",
    "coordinates": "10.6918, 61.2225"
  },
  {
    "code": "+676",
    "codeName": "to",
    "coordinates": "21.1790, 175.1982"
  },
  {
    "code": "+690",
    "codeName": "tk",
    "coordinates": "9.2002, 171.8484"
  },
  {
    "code": "+228",
    "codeName": "tg",
    "coordinates": "8.6195, 0.8248"
  },
  {
    "code": "+255",
    "codeName": "tz",
    "coordinates": "6.3690, 34.8888"
  },
  {
    "code": "+992",
    "codeName": "tj",
    "coordinates": "38.8610, 71.2761"
  },
  {
    "code": "+886",
    "codeName": "tw",
    "coordinates": "23.6978, 120.9605"
  },
  {
    "code": "+963",
    "codeName": "sy",
    "coordinates": "34.8021, 38.9968"
  },
  {
    "code": "+268",
    "codeName": "sz",
    "coordinates": "26.5225, 31.4659"
  },
  {
    "code": "+597",
    "codeName": "sr",
    "coordinates": "3.9193, 56.0278"
  },
  {
    "code": "+246",
    "codeName": "sd",
    "coordinates": "12.8628, 30.2176"
  },
  {
    "code": "+94",
    "codeName": "lk",
    "coordinates": "7.8731, 80.7718"
  },
  {
    "code": "+211",
    "codeName": "ss",
    "coordinates": "6.8770, 31.3070"
  },
  {
    "code": "+252",
    "codeName": "so",
    "coordinates": "5.1521, 46.1996"
  },
  {
    "code": "+677",
    "codeName": "sb",
    "coordinates": "9.6457, 160.1562"
  },
  {
    "code": "+1721",
    "codeName": "sx",
    "coordinates": "18.0708, 63.0501"
  },
  {
    "code": "+232",
    "codeName": "sl",
    "coordinates": "8.9663511, -13.8690833"
  },
  {
    "code": "+248",
    "codeName": "sc",
    "coordinates": "-4.588232, 55.453384"
  },
  {
    "code": "+221",
    "codeName": "sn",
    "coordinates": "-14.4974, 14.4524"
  },
  {
    "code": "+239",
    "codeName": "st",
    "coordinates": "0.1864, 6.6131"
  },
  {
    "code": "+378",
    "codeName": "sm",
    "coordinates": "43.9424, 12.4578"
  },
  {
    "code": "+685",
    "codeName": "ws",
    "coordinates": "13.7590, 172.1046"
  },
  {
    "code": "+1784",
    "codeName": "vc",
    "coordinates": "12.9843, 61.2872"
  },
  {
    "code": "+508",
    "codeName": "pm",
    "coordinates": "46.8852, 56.3159"
  },
  {
    "code": "+1758",
    "codeName": "lc",
    "coordinates": "13.9094, 60.9789"
  },
  {
    "code": "+1869",
    "codeName": "kn",
    "coordinates": "17.3578, 62.7830"
  },
  {
    "code": "+290",
    "codeName": "sh",
    "coordinates": "15.9650, 5.7089"
  },
  {
    "code": "+250",
    "codeName": "rw",
    "coordinates": "1.9403, 29.8739"
  },
  {
    "code": "+262",
    "codeName": "re",
    "coordinates": "21.1151, 55.5364"
  },
  {
    "code": "+594",
    "codeName": "gf",
    "coordinates": "3.9339, 53.1258"
  }
]
