[
  {
    "code": "ab",
    "name": "Abkhaz"
  },
  {
    "code": "aa",
    "name": "Afar"
  },
  {
    "code": "af",
    "name": "Afrikaans"
  },
  {
    "code": "ak",
    "name": "Akan"
  },
  {
    "code": "sq",
    "name": "Albanian"
  },
  {
    "code": "am",
    "name": "Amharic"
  },
  {
    "code": "ar",
    "name": "Arabic"
  },
  {
    "code": "an",
    "name": "Aragonese"
  },
  {
    "code": "hy",
    "name": "Armenian"
  },
  {
    "code": "as",
    "name": "Assamese"
  },
  {
    "code": "av",
    "name": "Avaric"
  },
  {
    "code": "ae",
    "name": "Avestan"
  },
  {
    "code": "ay",
    "name": "Aymara"
  }
]
