{
  "$schema": "./node_modules/@angular/cli/lib/config/schema.json",
  "project": {
    "name": "deliboyapp",
    "ejected": true
  },
  "apps": [
    {
      "root": "src",
      "outDir": "dist",
      "assets": [
        "assets"
      ],
      "index": "index.html",
      "main": "main.ts",
      "polyfills": "polyfills.ts",
      "test": "test.ts",
      "tsconfig": "tsconfig.app.json",
      "testTsconfig": "tsconfig.spec.json",
      "prefix": "app",
      "styles": [
        "styles.css",
        "../node_modules/bootstrap/dist/css/bootstrap.min.css",
        "../node_modules/ng2-toastr/bundles/ng2-toastr.min.css",
        "../node_modules/font-awesome/css/font-awesome.min.css",
        "../node_modules/primeng/resources/primeng.min.css",
        "../node_modules/primeng/resources/themes/omega/theme.css",
        "../node_modules/ngx-bootstrap/datepicker/bs-datepicker.css",
        "../node_modules/froala-editor/css/froala_editor.pkgd.min.css",
        "../node_modules/froala-editor/css/froala_style.min.css",
        "../node_modules/bootstrap-vertical-tabs/bootstrap.vertical-tabs.min.css",
        "../node_modules/ng2-dnd/bundles/style.css",
        "../node_modules/snazzy-info-window/dist/snazzy-info-window.css",
        "../node_modules/ngx-ui-switch/ui-switch.component.css",
        "../node_modules/intro.js/introjs.css"
      ],
      "scripts": [
        "../node_modules/jquery/dist/jquery.js",
        "../node_modules/bootstrap/dist/js/bootstrap.js",
        "../node_modules/bootstrap/dist/js/bootstrap.min.js",
        "../node_modules/froala-editor/js/froala_editor.pkgd.min.js",
        "../node_modules/@ngui/map/dist/bundles/map.umd.js",
        "../node_modules/ngx-clipboard/bundles/ngx-clipboard.umd.min.js",
        "../node_modules/systemjs/dist/system.src.js",
        "../node_modules/file-saver/FileSaver.js",
        "../node_modules/ng2-notifications/ng2-notifications.js",
        "../node_modules/intro.js/intro.js",
        "../node_modules/applozic/applozic.js"
      ],
      "environmentSource": "environments/environment.ts",
      "environments": {
        "dev": "environments/environment.ts",
        "prod": "environments/environment.prod.ts"
      }
    }
  ],
  "e2e": {
    "protractor": {
      "config": "./protractor.conf.js"
    }
  },
  "lint": [
    {
      "project": "src/tsconfig.app.json",
      "exclude": "**/node_modules/**"
    },
    {
      "project": "src/tsconfig.spec.json",
      "exclude": "**/node_modules/**"
    },
    {
      "project": "e2e/tsconfig.e2e.json",
      "exclude": "**/node_modules/**"
    }
  ],
  "test": {
    "karma": {
      "config": "./karma.conf.js"
    }
  },
  "defaults": {
    "styleExt": "css",
    "component": {}
  }
}
