[
  {
    "action": "DRIVER.READ",
    "grant": true
  },
  {
    "action": "DRIVER.UPDATE",
    "grant": true
  },
  {
    "action": "DRIVER.DELETE",
    "grant": true
  },
  {
    "action": "DRIVER.ALL.READ",
    "grant": true
  },
  {
    "action": "DRIVER.BLOCKUNBLOCK.UPDATE",
    "grant": true
  },
  {
    "action": "DRIVER.DRIVERSTATUS.GET",
    "grant": true
  },
  {
    "action": "DASHBOARD.DRIVERDETAILS.READ",
    "grant": true
  },
  {
    "action": "DASHBOARD.REASSIGNTASK.UPDATE",
    "grant": true
  },
  {
    "action": "DASHBOARD.TASKDETAILS.READ",
    "grant": true
  },
  {
    "action": "DASHBOARD.TASKLOG.READ",
    "grant": true
  },
  {
    "action": "TASK.READ",
    "grant": true
  },
  {
    "action": "TASK.DELETE",
    "grant": true
  },
  {
    "action": "TASK.CHANGESTATUS.UPDATE",
    "grant": true
  },
  {
    "action": "TASK.TASKDELETE.DELETE",
    "grant": true
  },
  {
    "action": "TEAM.READ",
    "grant": true
  },
  {
    "action": "TEAM.ALL.READ",
    "grant": true
  },
  {
    "action": "USERPERMISSION.GET",
    "grant": true
  },
  {
    "action": "ANALYTICS.DRIVERLOG.READ",
    "grant": true
  },
  {
    "action": "ANALYTICS.ONTIME.READ",
    "grant": true
  },
  {
    "action": "ANALYTICS.TASKCOMPLETE.READ",
    "grant": true
  },
  {
    "action": "TASK.STATISTICS.READ",
    "grant": true
  },
  {
    "action": "SETTINGS.CATEGORY.READ",
    "grant": true
  }
]
